ALTER session SET NLS_DATE_FORMAT='DD-MM-YYYY';

SET PAGESIZE 30
COLUMN COLUMN_NAME FORMAT A30
SET LINESIZE 300

prompt -------------------------------------------;
prompt --- Insertion des nouveaux tuples ---------;
prompt -------------------------------------------;


prompt ------------------------------------------;
prompt ---------- insertion DONNEUR -------------;
prompt ------------------------------------------;

INSERT INTO ALL_DONNEURS(NOM, PRENOM, CONTACT, DATE_NAISSANCE, EMAIL) VALUES ('DURANT','Pierro',0432658594,'16-09-1982','durant.p@umontpellier.fr');
INSERT INTO ALL_DONNEURS(NOM, PRENOM, CONTACT, DATE_NAISSANCE, EMAIL) VALUES ('MARTIN','Martin',0756548595,'05-05-2001','martintiktok@mail.fr');
INSERT INTO ALL_DONNEURS(NOM, PRENOM, CONTACT, DATE_NAISSANCE, EMAIL) VALUES ('SANCHEZ','Alice',0702476058,'19-04-2000','schz.alice@mail.fr');
INSERT INTO ALL_DONNEURS(NOM, PRENOM, CONTACT, DATE_NAISSANCE, EMAIL) VALUES ('ENCEL','Orelie',04570468957,'25-12-1985','orelie.encel@mail.com');
INSERT INTO ALL_DONNEURS(NOM, PRENOM, CONTACT, DATE_NAISSANCE, EMAIL) VALUES ('ANTON','Jeanne',0714058604,'05-08-1975','antonjeanne@lemail.com');
INSERT INTO ALL_DONNEURS(NOM, PRENOM, CONTACT, DATE_NAISSANCE, EMAIL) VALUES ('DUPONT','Laura',0652480490,'21-05-1993','lauradupond@email.fr');
INSERT INTO ALL_DONNEURS(NOM, PRENOM, CONTACT, DATE_NAISSANCE, EMAIL) VALUES ('DUPONT','Sylvie',0664087506,'31-07-1979','sylvie@mail.com');
INSERT INTO ALL_DONNEURS(NOM, PRENOM, CONTACT, DATE_NAISSANCE, EMAIL) VALUES ('DUPONT','Arnaud',0684922016,'1-02-1987','dupont@mail.com');
INSERT INTO ALL_DONNEURS(NOM, PRENOM, CONTACT, DATE_NAISSANCE, EMAIL) VALUES ('MEUNIER','Sylvie',0693201047,'29-03-2002','meunier@mail.com');
INSERT INTO ALL_DONNEURS(NOM, PRENOM, CONTACT, DATE_NAISSANCE, EMAIL) VALUES ('DUPONT','Thomas',0752025202,'7-04-1979','thomas@mail.com');

prompt ------------------------------------------;
prompt ---------- insertion PATIENT -------------;
prompt ------------------------------------------;

INSERT INTO ALL_PATIENTS(NOM, PRENOM, CONTACT, DATE_NAISSANCE, GROUPE_SANG) VALUES('DONT LA','Claire',0636600236,'29-01-1998','A+');
INSERT INTO ALL_PATIENTS(NOM, PRENOM, CONTACT, DATE_NAISSANCE, GROUPE_SANG) VALUES ('DURANT','Pierro',0432658594,'16-09-1982','B-');
INSERT INTO ALL_PATIENTS(NOM, PRENOM, CONTACT, DATE_NAISSANCE, GROUPE_SANG) VALUES ('MARTIN','Martin',0756548595,'05-05-2001','O+');
INSERT INTO ALL_PATIENTS(NOM, PRENOM, CONTACT, DATE_NAISSANCE, GROUPE_SANG) VALUES ('SANCHEZ','Alice',0702476058,'19-04-2000','AB+');
INSERT INTO ALL_PATIENTS(NOM, PRENOM, CONTACT, DATE_NAISSANCE, GROUPE_SANG) VALUES ('ENCEL','Orelie',04570468957,'25-12-1985','AB-');
INSERT INTO ALL_PATIENTS(NOM, PRENOM, CONTACT, DATE_NAISSANCE, GROUPE_SANG) VALUES ('ANTON','Jeanne',0714058604,'05-08-1975','O-');
INSERT INTO ALL_PATIENTS(NOM, PRENOM, CONTACT, DATE_NAISSANCE, GROUPE_SANG) VALUES ('DUPONT','Laura',0652480490,'21-05-1993','B+');
INSERT INTO ALL_PATIENTS(NOM, PRENOM, CONTACT, DATE_NAISSANCE, GROUPE_SANG) VALUES ('DUPONT','Sylvie',0664087506,'31-07-1979','AB+');
INSERT INTO ALL_PATIENTS(NOM, PRENOM, CONTACT, DATE_NAISSANCE, GROUPE_SANG) VALUES ('DUPONT','Arnaud',0684922016,'1-02-1987','A-');
INSERT INTO ALL_PATIENTS(NOM, PRENOM, CONTACT, DATE_NAISSANCE, GROUPE_SANG) VALUES ('MEUNIER','Sylvie',0693201047,'29-03-2002','A-');
INSERT INTO ALL_PATIENTS(NOM, PRENOM, CONTACT, DATE_NAISSANCE, GROUPE_SANG) VALUES ('DUPONT','Thomas',0752025202,'7-04-1979','B+');

prompt ------------------------------------------;
prompt --------- insertion PERSONNEL ------------;
prompt ------------------------------------------;

INSERT INTO ALL_PERSONNELS(NOM, PRENOM, CONTACT, DATE_NAISSANCE, FONCTION, DATE_ANCIENNETE) VALUES('LAMARCHE','Diego',0636600236,'08-11-1996','Infirmier','10-06-2015');
INSERT INTO ALL_PERSONNELS(NOM, PRENOM, CONTACT, DATE_NAISSANCE, FONCTION, DATE_ANCIENNETE) VALUES ('DURANT','Pierro',0432718594,'16-09-1982','Docteur','16-09-2014');
INSERT INTO ALL_PERSONNELS(NOM, PRENOM, CONTACT, DATE_NAISSANCE, FONCTION, DATE_ANCIENNETE) VALUES ('MARTIN','Martin',0756588595,'05-05-2001','Analyste','21-01-2002');
INSERT INTO ALL_PERSONNELS(NOM, PRENOM, CONTACT, DATE_NAISSANCE, FONCTION, DATE_ANCIENNETE) VALUES ('SANCHEZ','Alice',0702406058,'19-04-2000','Analyste','08-12-2016');
INSERT INTO ALL_PERSONNELS(NOM, PRENOM, CONTACT, DATE_NAISSANCE, FONCTION, DATE_ANCIENNETE) VALUES ('ENCEL','Orelie',04570467957,'25-12-1985','Directeur de Labo','17-07-2022');
INSERT INTO ALL_PERSONNELS(NOM, PRENOM, CONTACT, DATE_NAISSANCE, FONCTION, DATE_ANCIENNETE) VALUES ('PAUL','Jeanne',0714058604,'05-08-1975','Analyste','18-09-2021');
INSERT INTO ALL_PERSONNELS(NOM, PRENOM, CONTACT, DATE_NAISSANCE, FONCTION, DATE_ANCIENNETE) VALUES ('REVEST','Laura',0652470490,'21-05-1993','Infirmier','07-11-1995');
INSERT INTO ALL_PERSONNELS(NOM, PRENOM, CONTACT, DATE_NAISSANCE, FONCTION, DATE_ANCIENNETE) VALUES ('RENARD','Sylvie',0664081506,'31-07-1979','Analyste','28-05-2008');
INSERT INTO ALL_PERSONNELS(NOM, PRENOM, CONTACT, DATE_NAISSANCE, FONCTION, DATE_ANCIENNETE) VALUES ('DUPONT','Arnaud',0684923016,'1-02-1987','Docteur','24-06-2015');
INSERT INTO ALL_PERSONNELS(NOM, PRENOM, CONTACT, DATE_NAISSANCE, FONCTION, DATE_ANCIENNETE) VALUES ('MEUNIER','Sylvie',0693204047,'29-03-2002','Analyste','17-09-2010');
INSERT INTO ALL_PERSONNELS(NOM, PRENOM, CONTACT, DATE_NAISSANCE, FONCTION, DATE_ANCIENNETE) VALUES ('LUCAS','Thomas',0752020202,'7-04-1979','Analyste','15-10-2014');

prompt ------------------------------------------;
prompt ---------- insertion HOPITAL -------------;
prompt ------------------------------------------;

INSERT INTO HOPITAL VALUES (1,'Hopital Lapeyronie','371 Av. du Doyen Gaston Giraud');
INSERT INTO HOPITAL VALUES (2,'Polyclinique Pasteur','3 Rue Pasteur, 34120 Pezenas');
INSERT INTO HOPITAL VALUES (3,'Polyclinique des Trois Vallees','4 Rte de Saint-Pons, 34600 Bedarieux');
INSERT INTO HOPITAL VALUES (4,'Hopital Prive Arnault Tzanck Mougins Sophia Antipolis','122 Av. Maurice Donat, 06250 Mougins');
INSERT INTO HOPITAL VALUES (5,'Hopital prive La Louviere - Ramsay Sante','69 Rue de la Louviere, 59800 Lille');
INSERT INTO HOPITAL VALUES (6,'Hopital Prive Saint-François','62 Rue Saint-François, 57535 Marange-Silvange');
INSERT INTO HOPITAL VALUES (7,'Hopital Suisse de Paris ','10 Rue Minard, 92130 Issy-les-Moulineaux');
INSERT INTO HOPITAL VALUES (8,'Hopital Albert Schweitzer','201 Av. d Alsace, 68000 Colmar');
INSERT INTO HOPITAL VALUES (9,'Centre Hospitalier St-Marcellin','1 Av. Felix Faure, 38160 Saint-Marcellin');
INSERT INTO HOPITAL VALUES (10,'Clinique Medipole Garonne','45 Rue de Gironis, 31036 Toulouse');


prompt ------------------------------------------;
prompt ---------- insertion COLLECTE ------------;
prompt ------------------------------------------;

INSERT INTO COLLECTE VALUES (1,'10-03-2020','30-03-2020','30, Faculte des Sciences de Montpellier, Place E. Bataillon, 34095 Montpellier','NORMAL');
INSERT INTO COLLECTE VALUES (2,'30-03-2020','15-04-2020','22 Av. President Doumer, 66000 Perpignan','URGENT');
INSERT INTO COLLECTE VALUES (3,'30-03-2020','15-04-2020',' 3 Av. Dr Ecoiffier, 66300 Thuir','NORMAL');
INSERT INTO COLLECTE VALUES (4,'17-06-2020','30-06-2020','201 Av. d Alsace, 68000 Colmar','URGENT');
INSERT INTO COLLECTE VALUES (5,'03-01-2019','18-01-2019','Rte de Mende, 34090 Montpellier','NORMAL');
INSERT INTO COLLECTE VALUES (6,'03-01-2019','18-01-2019','52 Av. Paul Alduy, 66100 Perpignan','NORMAL');
INSERT INTO COLLECTE VALUES (7,'25-02-2019','08-03-2019','45 Rue de Gironis, 31036 Toulouse','NORMAL');
INSERT INTO COLLECTE VALUES (8,'13-05-2019','31-05-2019','118 Rte de Narbonne, 31062 Toulouse','NORMAL');
INSERT INTO COLLECTE VALUES (9,'08-08-2020','22-08-2020','7 Pl. Gabriel Peri, 30000 Nîmes','URGENT');
INSERT INTO COLLECTE VALUES (10,'08-08-2020','22-08-2020','10 Rue Trefilerie, 42100 Saint-etienne','NORMAL');

prompt ------------------------------------------;
prompt -------- insertion TRANSFUSION -----------;
prompt ------------------------------------------;

INSERT INTO TRANSFUSE VALUES (10,14,'30-03-2020');
INSERT INTO TRANSFUSE VALUES (2,18,1,'15-04-2020');
INSERT INTO TRANSFUSE VALUES (3,17,2,'15-04-2020');
INSERT INTO TRANSFUSE VALUES (5,21,5,'30-06-2020');
INSERT INTO TRANSFUSE VALUES (1,19,8,'18-01-2019');
INSERT INTO TRANSFUSE VALUES (6,13,10,'18-01-2019');
INSERT INTO TRANSFUSE VALUES (1,18,1,'08-03-2019');
INSERT INTO TRANSFUSE VALUES (8,12,9,'31-05-2019');
INSERT INTO TRANSFUSE VALUES (9,15,3,'22-08-2020');
INSERT INTO TRANSFUSE VALUES (7,22,4,'22,09,2021');