ALTER session SET NLS_DATE_FORMAT='DD-MM-YYYY';

SET PAGESIZE 30
COLUMN COLUMN_NAME FORMAT A30
SET LINESIZE 300

prompt -------------------------------------------;
prompt --- Insertion des nouveaux tuples ---------;
prompt -------------------------------------------;


prompt ------------------------------------------;
prompt ---------- insertion DONNEUR -------------;
prompt ------------------------------------------;

INSERT INTO ALL_DONNEURS(NOM, PRENOM, CONTACT, DATE_NAISSANCE, EMAIL) VALUES ('DURANT','Pierro',0432658594,'16-09-1982','durant.p@umontpellier.fr');
INSERT INTO ALL_DONNEURS(NOM, PRENOM, CONTACT, DATE_NAISSANCE, EMAIL) VALUES ('MARTIN','Martin',0756548595,'05-05-2001','martintiktok@mail.fr');
INSERT INTO ALL_DONNEURS(NOM, PRENOM, CONTACT, DATE_NAISSANCE, EMAIL) VALUES ('SANCHEZ','Alice',0702476058,'19-04-2000','schz.alice@mail.fr');
INSERT INTO ALL_DONNEURS(NOM, PRENOM, CONTACT, DATE_NAISSANCE, EMAIL) VALUES ('ENCEL','Orelie',04570468957,'25-12-1985','orelie.encel@mail.com');
INSERT INTO ALL_DONNEURS(NOM, PRENOM, CONTACT, DATE_NAISSANCE, EMAIL) VALUES ('ANTON','Jeanne',0714058604,'05-08-1975','antonjeanne@lemail.com');
INSERT INTO ALL_DONNEURS(NOM, PRENOM, CONTACT, DATE_NAISSANCE, EMAIL) VALUES ('DUPONT','Laura',0652480490,'21-05-1993','lauradupond@email.fr');
INSERT INTO ALL_DONNEURS(NOM, PRENOM, CONTACT, DATE_NAISSANCE, EMAIL) VALUES ('DUPONT','Vincent',0664087506,'31-07-1979','sylvie@mail.com');
INSERT INTO ALL_DONNEURS(NOM, PRENOM, CONTACT, DATE_NAISSANCE, EMAIL) VALUES ('DUPONT','Arnaud',0684922016,'1-02-1987','dupont@mail.com');
INSERT INTO ALL_DONNEURS(NOM, PRENOM, CONTACT, DATE_NAISSANCE, EMAIL) VALUES ('MEUNIER','Sylvie',0693201047,'29-03-2002','meunier@mail.com');
INSERT INTO ALL_DONNEURS(NOM, PRENOM, CONTACT, DATE_NAISSANCE, EMAIL) VALUES ('DUPONT','Thomas',0752025202,'7-04-1979','thomas@mail.com');
INSERT INTO ALL_DONNEURS(NOM, PRENOM, CONTACT, DATE_NAISSANCE, EMAIL) VALUES ('MOULIN','Marty',0755025202,'7-04-1975','moulin@email.com');
INSERT INTO ALL_DONNEURS(NOM, PRENOM, CONTACT, DATE_NAISSANCE, EMAIL) VALUES ('ADAM','Louise',0759825202,'7-04-1979','adam@email.com');
INSERT INTO ALL_DONNEURS(NOM, PRENOM, CONTACT, DATE_NAISSANCE, EMAIL) VALUES ('CARRE','Kevin',0750025202,'7-04-2004','kev@email.com');




prompt ------------------------------------------;
prompt ---------- insertion PATIENT -------------;
prompt ------------------------------------------;

INSERT INTO ALL_PATIENTS(NOM, PRENOM, CONTACT, DATE_NAISSANCE, GROUPE_SANG) VALUES('DONT LA','Claire',0636600236,'22-02-1991','A+');
INSERT INTO ALL_PATIENTS(NOM, PRENOM, CONTACT, DATE_NAISSANCE, GROUPE_SANG) VALUES ('DURANT','Pierro',0437658594,'19-07-1980','B-');
INSERT INTO ALL_PATIENTS(NOM, PRENOM, CONTACT, DATE_NAISSANCE, GROUPE_SANG) VALUES ('MARTIN','George',0756558595,'02-04-2000','O+');
INSERT INTO ALL_PATIENTS(NOM, PRENOM, CONTACT, DATE_NAISSANCE, GROUPE_SANG) VALUES ('SANCHEZ','Alice',0703476058,'18-03-2000','AB+');
INSERT INTO ALL_PATIENTS(NOM, PRENOM, CONTACT, DATE_NAISSANCE, GROUPE_SANG) VALUES ('ENCEL','Orelie',04580468957,'25-12-1981','AB-');
INSERT INTO ALL_PATIENTS(NOM, PRENOM, CONTACT, DATE_NAISSANCE, GROUPE_SANG) VALUES ('ANTON','Jeanne',0714059604,'05-08-1975','O-');
INSERT INTO ALL_PATIENTS(NOM, PRENOM, CONTACT, DATE_NAISSANCE, GROUPE_SANG) VALUES ('PETIT','Laura',0652480590,'21-05-1963','B+');
INSERT INTO ALL_PATIENTS(NOM, PRENOM, CONTACT, DATE_NAISSANCE, GROUPE_SANG) VALUES ('ROBERT','Sylvie',0694087506,'30-09-1951','AB+');
INSERT INTO ALL_PATIENTS(NOM, PRENOM, CONTACT, DATE_NAISSANCE, GROUPE_SANG) VALUES ('RICHARD','Arnaud',0684922017,'02-03-1982','A-');
INSERT INTO ALL_PATIENTS(NOM, PRENOM, CONTACT, DATE_NAISSANCE, GROUPE_SANG) VALUES ('MEUNIER','Sylvie',0693201040,'27-04-1989','A-');
INSERT INTO ALL_PATIENTS(NOM, PRENOM, CONTACT, DATE_NAISSANCE, GROUPE_SANG) VALUES ('DUPONT','Thomas',0752025302,'7-04-1979','B+');

prompt ------------------------------------------;
prompt --------- insertion PERSONNEL ------------;
prompt ------------------------------------------;

INSERT INTO ALL_PERSONNELS(NOM, PRENOM, CONTACT, DATE_NAISSANCE, FONCTION, DATE_ANCIENNETE) VALUES('LAMARCHE','Diego',0636600239,'08-11-1996','Infirmier','10-06-2015');
INSERT INTO ALL_PERSONNELS(NOM, PRENOM, CONTACT, DATE_NAISSANCE, FONCTION, DATE_ANCIENNETE) VALUES ('DURANT','Hubert',0432718594,'16-09-1972','Docteur','16-09-1996');
INSERT INTO ALL_PERSONNELS(NOM, PRENOM, CONTACT, DATE_NAISSANCE, FONCTION, DATE_ANCIENNETE) VALUES ('MARTIN','Martin',0756588595,'05-05-1991','Analyste','21-01-2003');
INSERT INTO ALL_PERSONNELS(NOM, PRENOM, CONTACT, DATE_NAISSANCE, FONCTION, DATE_ANCIENNETE) VALUES ('SANCHEZ','Louis',0702406058,'19-04-2000','Analyste','08-12-2019');
INSERT INTO ALL_PERSONNELS(NOM, PRENOM, CONTACT, DATE_NAISSANCE, FONCTION, DATE_ANCIENNETE) VALUES ('ENCEL','Orelie',04570467957,'25-12-1985','Directeur de Labo','17-07-2007');
INSERT INTO ALL_PERSONNELS(NOM, PRENOM, CONTACT, DATE_NAISSANCE, FONCTION, DATE_ANCIENNETE) VALUES ('PAUL','Jeanne',0724058604,'05-08-1975','Analyste','18-09-2021');
INSERT INTO ALL_PERSONNELS(NOM, PRENOM, CONTACT, DATE_NAISSANCE, FONCTION, DATE_ANCIENNETE) VALUES ('REVEST','Laura',0652470490,'21-05-1963','Infirmier','07-11-1995');
INSERT INTO ALL_PERSONNELS(NOM, PRENOM, CONTACT, DATE_NAISSANCE, FONCTION, DATE_ANCIENNETE) VALUES ('RENARD','Sylvie',0664081506,'31-07-1979','Analyste','28-05-2008');
INSERT INTO ALL_PERSONNELS(NOM, PRENOM, CONTACT, DATE_NAISSANCE, FONCTION, DATE_ANCIENNETE) VALUES ('DUPONT','Aubert',0684923016,'1-02-1987','Docteur','24-06-2015');
INSERT INTO ALL_PERSONNELS(NOM, PRENOM, CONTACT, DATE_NAISSANCE, FONCTION, DATE_ANCIENNETE) VALUES ('MEUNIER','Adam',0693204047,'29-03-2002','Analyste','17-09-2022');
INSERT INTO ALL_PERSONNELS(NOM, PRENOM, CONTACT, DATE_NAISSANCE, FONCTION, DATE_ANCIENNETE) VALUES ('LUCAS','Thomas',0752020202,'7-04-1969','Analyste','15-10-2014');

prompt ------------------------------------------;
prompt ---------- insertion HOPITAL -------------;
prompt ------------------------------------------;

INSERT INTO HOPITAL VALUES (1,'Hopital Lapeyronie','371 Av. du Doyen Gaston Giraud');
INSERT INTO HOPITAL VALUES (2,'Polyclinique Pasteur','3 Rue Pasteur, 34120 Pezenas');
INSERT INTO HOPITAL VALUES (3,'Polyclinique des Trois Vallees','4 Rte de Saint-Pons, 34600 Bedarieux');
INSERT INTO HOPITAL VALUES (4,'Hopital Prive Arnault Tzanck Mougins Sophia Antipolis','122 Av. Maurice Donat, 06250 Mougins');
INSERT INTO HOPITAL VALUES (5,'Hopital prive La Louviere - Ramsay Sante','69 Rue de la Louviere, 59800 Lille');
INSERT INTO HOPITAL VALUES (6,'Hopital Prive Saint-François','62 Rue Saint-François, 57535 Marange-Silvange');
INSERT INTO HOPITAL VALUES (7,'Hopital Suisse de Paris ','10 Rue Minard, 92130 Issy-les-Moulineaux');
INSERT INTO HOPITAL VALUES (8,'Hopital Albert Schweitzer','201 Av. d Alsace, 68000 Colmar');
INSERT INTO HOPITAL VALUES (9,'Centre Hospitalier St-Marcellin','1 Av. Felix Faure, 38160 Saint-Marcellin');
INSERT INTO HOPITAL VALUES (10,'Clinique Medipole Garonne','45 Rue de Gironis, 31036 Toulouse');


prompt ------------------------------------------;
prompt ---------- insertion COLLECTE ------------;
prompt ------------------------------------------;

INSERT INTO COLLECTE VALUES (1,'10-03-2017','30-03-2017','30, Faculte des Sciences de Montpellier, Place E. Bataillon, 34095 Montpellier','NORMAL');
INSERT INTO COLLECTE VALUES (2,'30-03-2020','15-04-2020','22 Av. President Doumer, 66000 Perpignan','URGENT');
INSERT INTO COLLECTE VALUES (3,'30-03-2016','15-04-2016',' 3 Av. Dr Ecoiffier, 66300 Thuir','NORMAL');
INSERT INTO COLLECTE VALUES (4,'17-06-2020','30-06-2020','201 Av. d Alsace, 68000 Colmar','URGENT');
INSERT INTO COLLECTE VALUES (5,'03-01-2019','18-01-2019','Rte de Mende, 34090 Montpellier','NORMAL');
INSERT INTO COLLECTE VALUES (6,'03-01-2019','18-01-2019','52 Av. Paul Alduy, 66100 Perpignan','NORMAL');
INSERT INTO COLLECTE VALUES (7,'25-02-2013','08-03-2013','45 Rue de Gironis, 31036 Toulouse','NORMAL');
INSERT INTO COLLECTE VALUES (8,'13-05-2019','31-05-2019','118 Rte de Narbonne, 31062 Toulouse','NORMAL');
INSERT INTO COLLECTE VALUES (9,'08-08-2018','22-08-2018','7 Pl. Gabriel Peri, 30000 Nîmes','URGENT');
INSERT INTO COLLECTE VALUES (10,'08-08-2020','22-08-2020','10 Rue Trefilerie, 42100 Saint-etienne','NORMAL');

prompt ------------------------------------------;
prompt ----------   insertion DON    ------------;
prompt ------------------------------------------;

INSERT INTO DON VALUES (1,400,'NORMAL','15-01-2019',5,4);
INSERT INTO DON VALUES (2,460,'NORMAL','14-04-2020',1,2);
INSERT INTO DON VALUES (3,500,'NORMAL','10-01-2019',3,5);
INSERT INTO DON VALUES (4,400,'URGENT','20-08-2018',2,9);
INSERT INTO DON VALUES (5,420,'NORMAL','18-08-2018',8,9);
INSERT INTO DON VALUES (6,400,'NORMAL','18-05-2019',7,8);
INSERT INTO DON VALUES (7,430,'NORMAL','09-08-2020',9,10);
INSERT INTO DON VALUES (8,500,'NORMAL','20-03-2017',10,1);
INSERT INTO DON VALUES (9,490,'NORMAL','05-04-2016',4,3);
INSERT INTO DON VALUES (10,400,'URGENT','22-08-2020',13,4);
INSERT INTO DON VALUES (11,450,'NORMAL','18-01-2019',12,6);
INSERT INTO DON VALUES (12,450,'URGENT','15-08-2018',13,9);
INSERT INTO DON VALUES (13,490,'NORMAL','14-03-2017',6,1);
INSERT INTO DON VALUES (14,490,'NORMAL','02-03-2013',11,7);

prompt ------------------------------------------;
prompt ----------  insertion TRAITE  ------------;
prompt ------------------------------------------;

INSERT INTO TRAITE VALUES (25,1,9,'16-01-2019','VALIDE','O+');
INSERT INTO TRAITE VALUES (29,2,8,'15-04-2020','VALIDE','A+');
INSERT INTO TRAITE VALUES (31,3,6,'11-01-2019','VALIDE','AB-');
INSERT INTO TRAITE VALUES (25,4,9,'20-08-2018','NON_VALIDE','AB+');
INSERT INTO TRAITE VALUES (25,5,9,'18-08-2018','VALIDE','B+');
INSERT INTO TRAITE VALUES (26,6,2,'19-01-2019','VALIDE','A-');
INSERT INTO TRAITE VALUES (27,7,5,'09-08-2020','NON_VALIDE','A+');
INSERT INTO TRAITE VALUES (35,8,10,'20-03-2017','VALIDE','O+');
INSERT INTO TRAITE VALUES (29,9,3,'05-04-2016','VALIDE','O-');
INSERT INTO TRAITE VALUES (28,10,10,'22-08-2020','NON_VALIDE','B+');
INSERT INTO TRAITE VALUES (28,11,10,'18-01-2019','VALIDE','B+');
INSERT INTO TRAITE VALUES (28,12,10,'15-08-2018','VALIDE','B-');
INSERT INTO TRAITE VALUES (33,13,6,'14-03-2017','VALIDE','B+');
INSERT INTO TRAITE VALUES (32,14,7,'02-03-2013','VALIDE','A+');

prompt ------------------------------------------;
prompt -------- insertion TRANSFUSION -----------;
prompt ------------------------------------------;

INSERT INTO TRANSFUSE VALUES (1,16,2,'16-02-2019');
INSERT INTO TRANSFUSE VALUES (2,14,1,'25-04-2020');
INSERT INTO TRANSFUSE VALUES (3,18,2,'11-02-2019');
INSERT INTO TRANSFUSE VALUES (5,20,5,'18-09-2018');
INSERT INTO TRANSFUSE VALUES (6,22,8,'19-02-2019');
INSERT INTO TRANSFUSE VALUES (8,16,10,'20-04-2017');
INSERT INTO TRANSFUSE VALUES (9,19,1,'18-03-2019');
INSERT INTO TRANSFUSE VALUES (11,20,9,'28-01-2019');
INSERT INTO TRANSFUSE VALUES (12,15,3,'25-08-2018');
INSERT INTO TRANSFUSE VALUES (13,20,4,'24-03-2017');